year,territory,nationality,sector,men,women,total
2008,Total Nacional,Doble nacionalidad,Agricultura,1.5,1.1,2.6
2008,Total Nacional,Doble nacionalidad,Construcción,22.1,1.2,23.3
2008,Total Nacional,Doble nacionalidad,Industria,16.6,8.2,24.9
2008,Total Nacional,Doble nacionalidad,Servicios,52.8,104.1,156.9
2008,Total Nacional,Doble nacionalidad,Total,93.0,114.6,207.7
2008,Total Nacional,Española,Agricultura,488.5,184.3,672.8
2008,Total Nacional,Española,Construcción,1684.5,164.0,1848.5
2008,Total Nacional,Española,Industria,2169.7,713.5,2883.2
2008,Total Nacional,Española,Servicios,5784.8,6235.0,12019.8
2008,Total Nacional,Española,Total,10127.5,7296.8,17424.3
2008,Total Nacional,Extranjera: América Latina,Agricultura,33.1,18.0,51.1
2008,Total Nacional,Extranjera: América Latina,Construcción,263.0,5.2,268.2
2008,Total Nacional,Extranjera: América Latina,Industria,93.5,33.0,126.5
2008,Total Nacional,Extranjera: América Latina,Servicios,264.6,642.6,907.2
2008,Total Nacional,Extranjera: América Latina,Total,654.2,698.7,1352.9
2008,Total Nacional,Extranjera: Resto de Europa,Agricultura,2.5,2.4,4.9
2008,Total Nacional,Extranjera: Resto de Europa,Construcción,22.9,0.8,23.8
2008,Total Nacional,Extranjera: Resto de Europa,Industria,7.1,2.5,9.6
2008,Total Nacional,Extranjera: Resto de Europa,Servicios,14.9,55.1,70.0
2008,Total Nacional,Extranjera: Resto de Europa,Total,47.5,60.9,108.4
2008,Total Nacional,Extranjera: Resto del mundo y apátrida,Agricultura,50.2,4.1,54.3
2008,Total Nacional,Extranjera: Resto del mundo y apátrida,Construcción,115.6,1.4,117.0
2008,Total Nacional,Extranjera: Resto del mundo y apátrida,Industria,72.4,8.9,81.3
2008,Total Nacional,Extranjera: Resto del mundo y apátrida,Servicios,155.3,114.4,269.7
2008,Total Nacional,Extranjera: Resto del mundo y apátrida,Total,393.5,128.8,522.2
2008,Total Nacional,Extranjera: Total,Agricultura,115.5,37.3,152.8
2008,Total Nacional,Extranjera: Total,Construcción,575.6,12.4,588.0
2008,Total Nacional,Extranjera: Total,Industria,254.9,73.7,328.7
2008,Total Nacional,Extranjera: Total,Servicios,638.6,1129.6,1768.2
2008,Total Nacional,Extranjera: Total,Total,1584.7,1253.0,2837.7
2008,Total Nacional,Extranjera: Unión Europea,Agricultura,29.7,12.8,42.5
2008,Total Nacional,Extranjera: Unión Europea,Construcción,174.1,4.9,179.1
2008,Total Nacional,Extranjera: Unión Europea,Industria,82.0,29.3,111.3
2008,Total Nacional,Extranjera: Unión Europea,Servicios,203.7,317.6,521.3
2008,Total Nacional,Extranjera: Unión Europea,Total,489.6,364.6,854.1
2008,Total Nacional,Total,Agricultura,605.5,222.7,828.2
2008,Total Nacional,Total,Construcción,2282.3,177.6,2459.9
2008,Total Nacional,Total,Industria,2441.2,795.5,3236.7
2008,Total Nacional,Total,Servicios,6476.2,7468.7,13944.9
2008,Total Nacional,Total,Total,11805.2,8664.5,20469.7
2009,Total Nacional,Doble nacionalidad,Agricultura,1.9,1.7,3.6
2009,Total Nacional,Doble nacionalidad,Construcción,21.9,1.7,23.6
2009,Total Nacional,Doble nacionalidad,Industria,12.6,8.2,20.7
2009,Total Nacional,Doble nacionalidad,Servicios,60.7,108.4,169.1
2009,Total Nacional,Doble nacionalidad,Total,97.1,119.9,216.9
2009,Total Nacional,Española,Agricultura,461.3,167.6,628.8
2009,Total Nacional,Española,Construcción,1341.7,139.9,1481.6
2009,Total Nacional,Española,Industria,1904.2,625.1,2529.3
2009,Total Nacional,Española,Servicios,5584.5,6122.7,11707.2
2009,Total Nacional,Española,Total,9291.7,7055.3,16347.0
2009,Total Nacional,Extranjera: América Latina,Agricultura,33.1,15.0,48.1
2009,Total Nacional,Extranjera: América Latina,Construcción,179.6,2.3,181.9
2009,Total Nacional,Extranjera: América Latina,Industria,62.3,28.3,90.6
2009,Total Nacional,Extranjera: América Latina,Servicios,268.2,613.0,881.2
2009,Total Nacional,Extranjera: América Latina,Total,543.3,658.6,1201.9
2009,Total Nacional,Extranjera: Resto de Europa,Agricultura,2.0,1.2,3.2
2009,Total Nacional,Extranjera: Resto de Europa,Construcción,14.1,0.8,14.8
2009,Total Nacional,Extranjera: Resto de Europa,Industria,9.7,2.5,12.2
2009,Total Nacional,Extranjera: Resto de Europa,Servicios,15.0,42.7,57.7
2009,Total Nacional,Extranjera: Resto de Europa,Total,40.8,47.1,87.9
2009,Total Nacional,Extranjera: Resto del mundo y apátrida,Agricultura,55.3,5.6,60.9
2009,Total Nacional,Extranjera: Resto del mundo y apátrida,Construcción,65.5,2.4,67.9
2009,Total Nacional,Extranjera: Resto del mundo y apátrida,Industria,49.1,6.4,55.6
2009,Total Nacional,Extranjera: Resto del mundo y apátrida,Servicios,158.3,107.9,266.1
2009,Total Nacional,Extranjera: Resto del mundo y apátrida,Total,328.3,122.3,450.6
2009,Total Nacional,Extranjera: Total,Agricultura,119.8,35.9,155.7
2009,Total Nacional,Extranjera: Total,Construcción,377.5,7.1,384.6
2009,Total Nacional,Extranjera: Total,Industria,194.8,62.8,257.5
2009,Total Nacional,Extranjera: Total,Servicios,652.3,1092.8,1745.1
2009,Total Nacional,Extranjera: Total,Total,1344.3,1198.6,2542.9
2009,Total Nacional,Extranjera: Unión Europea,Agricultura,29.4,14.1,43.4
2009,Total Nacional,Extranjera: Unión Europea,Construcción,118.3,1.6,119.9
2009,Total Nacional,Extranjera: Unión Europea,Industria,73.5,25.6,99.1
2009,Total Nacional,Extranjera: Unión Europea,Servicios,210.8,329.3,540.1
2009,Total Nacional,Extranjera: Unión Europea,Total,432.0,370.6,802.6
2009,Total Nacional,Total,Agricultura,582.9,205.2,788.1
2009,Total Nacional,Total,Construcción,1741.1,148.6,1889.8
2009,Total Nacional,Total,Industria,2111.5,696.1,2807.6
2009,Total Nacional,Total,Servicios,6297.5,7323.9,13621.4
2009,Total Nacional,Total,Total,10733.1,8373.8,19106.9
2010,Total Nacional,Doble nacionalidad,Agricultura,3.1,2.3,5.4
2010,Total Nacional,Doble nacionalidad,Construcción,13.8,1.5,15.3
2010,Total Nacional,Doble nacionalidad,Industria,16.7,7.9,24.5
2010,Total Nacional,Doble nacionalidad,Servicios,82.5,123.3,205.8
2010,Total Nacional,Doble nacionalidad,Total,116.1,134.9,251.1
2010,Total Nacional,Española,Agricultura,455.4,167.4,622.8
2010,Total Nacional,Española,Construcción,1189.6,129.0,1318.6
2010,Total Nacional,Española,Industria,1813.8,587.4,2401.2
2010,Total Nacional,Española,Servicios,5575.4,6105.1,11680.5
2010,Total Nacional,Española,Total,9034.1,6989.0,16023.1
2010,Total Nacional,Extranjera: América Latina,Agricultura,29.9,11.4,41.3
2010,Total Nacional,Extranjera: América Latina,Construcción,133.0,5.8,138.9
2010,Total Nacional,Extranjera: América Latina,Industria,59.8,23.5,83.3
2010,Total Nacional,Extranjera: América Latina,Servicios,269.4,608.6,878.0
2010,Total Nacional,Extranjera: América Latina,Total,492.1,649.4,1141.5
2010,Total Nacional,Extranjera: Resto de Europa,Agricultura,3.9,0.7,4.6
2010,Total Nacional,Extranjera: Resto de Europa,Construcción,16.1,0.6,16.7
2010,Total Nacional,Extranjera: Resto de Europa,Industria,9.2,3.2,12.4
2010,Total Nacional,Extranjera: Resto de Europa,Servicios,17.6,49.1,66.7
2010,Total Nacional,Extranjera: Resto de Europa,Total,46.8,53.6,100.4
2010,Total Nacional,Extranjera: Resto del mundo y apátrida,Agricultura,61.8,7.8,69.6
2010,Total Nacional,Extranjera: Resto del mundo y apátrida,Construcción,46.0,0.6,46.7
2010,Total Nacional,Extranjera: Resto del mundo y apátrida,Industria,36.6,2.6,39.2
2010,Total Nacional,Extranjera: Resto del mundo y apátrida,Servicios,166.4,103.9,270.3
2010,Total Nacional,Extranjera: Resto del mundo y apátrida,Total,310.9,114.9,425.7
2010,Total Nacional,Extranjera: Total,Agricultura,124.6,33.3,157.9
2010,Total Nacional,Extranjera: Total,Construcción,306.9,10.6,317.4
2010,Total Nacional,Extranjera: Total,Industria,166.8,58.0,224.7
2010,Total Nacional,Extranjera: Total,Servicios,675.2,1075.1,1750.3
2010,Total Nacional,Extranjera: Total,Total,1273.4,1176.9,2450.3
2010,Total Nacional,Extranjera: Unión Europea,Agricultura,28.9,13.4,42.3
2010,Total Nacional,Extranjera: Unión Europea,Construcción,111.7,3.5,115.2
2010,Total Nacional,Extranjera: Unión Europea,Industria,61.1,28.7,89.7
2010,Total Nacional,Extranjera: Unión Europea,Servicios,221.9,313.5,535.4
2010,Total Nacional,Extranjera: Unión Europea,Total,423.6,359.0,782.7
2010,Total Nacional,Total,Agricultura,583.1,203.0,786.1
2010,Total Nacional,Total,Construcción,1510.3,141.1,1651.4
2010,Total Nacional,Total,Industria,1997.2,653.3,2650.4
2010,Total Nacional,Total,Servicios,6333.2,7303.4,13636.6
2010,Total Nacional,Total,Total,10423.7,8300.8,18724.5
2011,Total Nacional,Doble nacionalidad,Agricultura,5.5,2.7,8.2
2011,Total Nacional,Doble nacionalidad,Construcción,15.1,0.7,15.9
2011,Total Nacional,Doble nacionalidad,Industria,21.0,7.7,28.7
2011,Total Nacional,Doble nacionalidad,Servicios,89.6,149.0,238.6
2011,Total Nacional,Doble nacionalidad,Total,131.3,160.2,291.4
2011,Total Nacional,Española,Agricultura,430.1,159.7,589.8
2011,Total Nacional,Española,Construcción,1037.1,100.3,1137.4
2011,Total Nacional,Española,Industria,1795.9,576.0,2371.9
2011,Total Nacional,Española,Servicios,5582.0,6149.2,11731.2
2011,Total Nacional,Española,Total,8845.1,6985.3,15830.4
2011,Total Nacional,Extranjera: América Latina,Agricultura,33.5,11.8,45.2
2011,Total Nacional,Extranjera: América Latina,Construcción,98.1,2.6,100.7
2011,Total Nacional,Extranjera: América Latina,Industria,44.9,18.2,63.1
2011,Total Nacional,Extranjera: América Latina,Servicios,266.9,545.5,812.3
2011,Total Nacional,Extranjera: América Latina,Total,443.3,578.0,1021.4
2011,Total Nacional,Extranjera: Resto de Europa,Agricultura,2.9,0.9,3.7
2011,Total Nacional,Extranjera: Resto de Europa,Construcción,14.7,0.0,14.7
2011,Total Nacional,Extranjera: Resto de Europa,Industria,9.3,1.4,10.7
2011,Total Nacional,Extranjera: Resto de Europa,Servicios,21.0,63.0,84.0
2011,Total Nacional,Extranjera: Resto de Europa,Total,47.9,65.3,113.2
2011,Total Nacional,Extranjera: Resto del mundo y apátrida,Agricultura,61.1,8.3,69.4
2011,Total Nacional,Extranjera: Resto del mundo y apátrida,Construcción,38.9,0.0,38.9
2011,Total Nacional,Extranjera: Resto del mundo y apátrida,Industria,49.8,4.1,53.9
2011,Total Nacional,Extranjera: Resto del mundo y apátrida,Servicios,155.6,104.6,260.1
2011,Total Nacional,Extranjera: Resto del mundo y apátrida,Total,305.3,117.0,422.3
2011,Total Nacional,Extranjera: Total,Agricultura,121.8,35.3,157.2
2011,Total Nacional,Extranjera: Total,Construcción,245.0,5.6,250.6
2011,Total Nacional,Extranjera: Total,Industria,156.6,47.5,204.1
2011,Total Nacional,Extranjera: Total,Servicios,652.7,1035.1,1687.8
2011,Total Nacional,Extranjera: Total,Total,1176.1,1123.5,2299.6
2011,Total Nacional,Extranjera: Unión Europea,Agricultura,24.4,14.4,38.8
2011,Total Nacional,Extranjera: Unión Europea,Construcción,93.3,3.0,96.3
2011,Total Nacional,Extranjera: Unión Europea,Industria,52.7,23.7,76.4
2011,Total Nacional,Extranjera: Unión Europea,Servicios,209.2,322.0,531.3
2011,Total Nacional,Extranjera: Unión Europea,Total,379.6,363.2,742.7
2011,Total Nacional,Total,Agricultura,557.5,197.8,755.3
2011,Total Nacional,Total,Construcción,1297.2,106.7,1403.9
2011,Total Nacional,Total,Industria,1973.5,631.2,2604.7
2011,Total Nacional,Total,Servicios,6324.3,7333.3,13657.6
2011,Total Nacional,Total,Total,10152.5,8268.9,18421.4
2012,Total Nacional,Doble nacionalidad,Agricultura,6.3,1.6,7.8
2012,Total Nacional,Doble nacionalidad,Construcción,17.7,1.8,19.5
2012,Total Nacional,Doble nacionalidad,Industria,21.7,6.7,28.3
2012,Total Nacional,Doble nacionalidad,Servicios,92.3,147.4,239.7
2012,Total Nacional,Doble nacionalidad,Total,137.9,157.5,295.4
2012,Total Nacional,Española,Agricultura,419.4,150.9,570.3
2012,Total Nacional,Española,Construcción,876.4,91.4,967.8
2012,Total Nacional,Española,Industria,1701.7,577.5,2279.1
2012,Total Nacional,Española,Servicios,5409.2,6004.1,11413.3
2012,Total Nacional,Española,Total,8406.7,6823.8,15230.5
2012,Total Nacional,Extranjera: América Latina,Agricultura,30.4,14.5,44.9
2012,Total Nacional,Extranjera: América Latina,Construcción,51.4,0.4,51.8
2012,Total Nacional,Extranjera: América Latina,Industria,34.4,16.0,50.4
2012,Total Nacional,Extranjera: América Latina,Servicios,235.4,463.6,699.0
2012,Total Nacional,Extranjera: América Latina,Total,351.6,494.5,846.1
2012,Total Nacional,Extranjera: Resto de Europa,Agricultura,3.5,1.8,5.3
2012,Total Nacional,Extranjera: Resto de Europa,Construcción,12.0,0.5,12.5
2012,Total Nacional,Extranjera: Resto de Europa,Industria,3.9,1.6,5.5
2012,Total Nacional,Extranjera: Resto de Europa,Servicios,20.4,55.0,75.4
2012,Total Nacional,Extranjera: Resto de Europa,Total,39.7,58.9,98.6
2012,Total Nacional,Extranjera: Resto del mundo y apátrida,Agricultura,63.9,7.8,71.7
2012,Total Nacional,Extranjera: Resto del mundo y apátrida,Construcción,27.8,0.3,28.1
2012,Total Nacional,Extranjera: Resto del mundo y apátrida,Industria,35.9,5.3,41.2
2012,Total Nacional,Extranjera: Resto del mundo y apátrida,Servicios,172.8,112.9,285.7
2012,Total Nacional,Extranjera: Resto del mundo y apátrida,Total,300.4,126.4,426.8
2012,Total Nacional,Extranjera: Total,Agricultura,124.0,41.3,165.2
2012,Total Nacional,Extranjera: Total,Construcción,168.3,5.7,174.0
2012,Total Nacional,Extranjera: Total,Industria,131.2,45.1,176.3
2012,Total Nacional,Extranjera: Total,Servicios,640.1,951.1,1591.3
2012,Total Nacional,Extranjera: Total,Total,1063.6,1043.2,2106.8
2012,Total Nacional,Extranjera: Unión Europea,Agricultura,26.1,17.1,43.2
2012,Total Nacional,Extranjera: Unión Europea,Construcción,77.1,4.6,81.7
2012,Total Nacional,Extranjera: Unión Europea,Industria,57.1,22.1,79.2
2012,Total Nacional,Extranjera: Unión Europea,Servicios,211.5,319.7,531.2
2012,Total Nacional,Extranjera: Unión Europea,Total,371.9,363.5,735.3
2012,Total Nacional,Total,Agricultura,549.6,193.8,743.4
2012,Total Nacional,Total,Construcción,1062.4,98.9,1161.3
2012,Total Nacional,Total,Industria,1854.5,629.2,2483.7
2012,Total Nacional,Total,Servicios,6141.6,7102.6,13244.2
2012,Total Nacional,Total,Total,9608.2,8024.5,17632.7
2013,Total Nacional,Doble nacionalidad,Agricultura,4.9,0.5,5.5
2013,Total Nacional,Doble nacionalidad,Construcción,14.9,1.0,15.9
2013,Total Nacional,Doble nacionalidad,Industria,19.0,4.6,23.6
2013,Total Nacional,Doble nacionalidad,Servicios,88.7,159.4,248.2
2013,Total Nacional,Doble nacionalidad,Total,127.6,165.6,293.1
2013,Total Nacional,Española,Agricultura,438.1,141.6,579.7
2013,Total Nacional,Española,Construcción,788.7,80.0,868.6
2013,Total Nacional,Española,Industria,1627.9,534.3,2162.2
2013,Total Nacional,Española,Servicios,5362.0,5947.7,11309.7
2013,Total Nacional,Española,Total,8216.6,6703.6,14920.2
2013,Total Nacional,Extranjera: América Latina,Agricultura,30.2,9.8,40.0
2013,Total Nacional,Extranjera: América Latina,Construcción,36.4,0.9,37.3
2013,Total Nacional,Extranjera: América Latina,Industria,29.0,14.4,43.4
2013,Total Nacional,Extranjera: América Latina,Servicios,182.6,390.6,573.2
2013,Total Nacional,Extranjera: América Latina,Total,278.2,415.7,693.9
2013,Total Nacional,Extranjera: Resto de Europa,Agricultura,2.3,1.0,3.4
2013,Total Nacional,Extranjera: Resto de Europa,Construcción,10.8,0.2,11.0
2013,Total Nacional,Extranjera: Resto de Europa,Industria,4.3,2.1,6.3
2013,Total Nacional,Extranjera: Resto de Europa,Servicios,14.0,51.6,65.5
2013,Total Nacional,Extranjera: Resto de Europa,Total,31.4,54.9,86.3
2013,Total Nacional,Extranjera: Resto del mundo y apátrida,Agricultura,54.0,3.8,57.7
2013,Total Nacional,Extranjera: Resto del mundo y apátrida,Construcción,24.1,1.6,25.7
2013,Total Nacional,Extranjera: Resto del mundo y apátrida,Industria,36.1,5.3,41.4
2013,Total Nacional,Extranjera: Resto del mundo y apátrida,Servicios,176.2,121.0,297.2
2013,Total Nacional,Extranjera: Resto del mundo y apátrida,Total,290.3,131.7,422.0
2013,Total Nacional,Extranjera: Total,Agricultura,118.1,33.3,151.4
2013,Total Nacional,Extranjera: Total,Construcción,138.8,6.1,144.9
2013,Total Nacional,Extranjera: Total,Industria,130.9,38.8,169.7
2013,Total Nacional,Extranjera: Total,Servicios,583.8,875.8,1459.6
2013,Total Nacional,Extranjera: Total,Total,971.6,954.1,1925.6
2013,Total Nacional,Extranjera: Unión Europea,Agricultura,31.6,18.7,50.3
2013,Total Nacional,Extranjera: Unión Europea,Construcción,67.6,3.4,71.0
2013,Total Nacional,Extranjera: Unión Europea,Industria,61.5,17.1,78.6
2013,Total Nacional,Extranjera: Unión Europea,Servicios,211.0,312.6,523.6
2013,Total Nacional,Extranjera: Unión Europea,Total,371.7,351.8,723.5
2013,Total Nacional,Total,Agricultura,561.1,175.4,736.6
2013,Total Nacional,Total,Construcción,942.4,87.0,1029.5
2013,Total Nacional,Total,Industria,1777.8,577.7,2355.5
2013,Total Nacional,Total,Servicios,6034.5,6983.0,13017.5
2013,Total Nacional,Total,Total,9315.8,7823.2,17139.0
2014,Total Nacional,Doble nacionalidad,Agricultura,6.6,0.9,7.5
2014,Total Nacional,Doble nacionalidad,Construcción,12.4,0.8,13.2
2014,Total Nacional,Doble nacionalidad,Industria,23.7,7.7,31.3
2014,Total Nacional,Doble nacionalidad,Servicios,112.6,179.4,292.0
2014,Total Nacional,Doble nacionalidad,Total,155.3,188.7,344.0
2014,Total Nacional,Española,Agricultura,448.9,141.0,589.9
2014,Total Nacional,Española,Construcción,769.5,78.8,848.3
2014,Total Nacional,Española,Industria,1648.0,536.6,2184.6
2014,Total Nacional,Española,Servicios,5468.7,6064.0,11532.7
2014,Total Nacional,Española,Total,8335.1,6820.3,15155.5
2014,Total Nacional,Extranjera: América Latina,Agricultura,23.9,10.5,34.4
2014,Total Nacional,Extranjera: América Latina,Construcción,30.8,1.7,32.5
2014,Total Nacional,Extranjera: América Latina,Industria,23.0,9.0,32.0
2014,Total Nacional,Extranjera: América Latina,Servicios,178.4,335.1,513.5
2014,Total Nacional,Extranjera: América Latina,Total,256.1,356.3,612.4
2014,Total Nacional,Extranjera: Resto de Europa,Agricultura,0.4,0.0,0.4
2014,Total Nacional,Extranjera: Resto de Europa,Construcción,10.7,0.0,10.7
2014,Total Nacional,Extranjera: Resto de Europa,Industria,6.5,2.3,8.8
2014,Total Nacional,Extranjera: Resto de Europa,Servicios,15.2,53.2,68.4
2014,Total Nacional,Extranjera: Resto de Europa,Total,32.8,55.5,88.3
2014,Total Nacional,Extranjera: Resto del mundo y apátrida,Agricultura,47.2,5.4,52.6
2014,Total Nacional,Extranjera: Resto del mundo y apátrida,Construcción,21.7,0.0,21.7
2014,Total Nacional,Extranjera: Resto del mundo y apátrida,Industria,37.2,5.7,42.9
2014,Total Nacional,Extranjera: Resto del mundo y apátrida,Servicios,171.3,119.5,290.8
2014,Total Nacional,Extranjera: Resto del mundo y apátrida,Total,277.5,130.5,408.0
2014,Total Nacional,Extranjera: Total,Agricultura,102.9,35.5,138.4
2014,Total Nacional,Extranjera: Total,Construcción,128.3,3.8,132.1
2014,Total Nacional,Extranjera: Total,Industria,123.5,40.6,164.0
2014,Total Nacional,Extranjera: Total,Servicios,597.6,812.6,1410.2
2014,Total Nacional,Extranjera: Total,Total,952.2,892.4,1844.7
2014,Total Nacional,Extranjera: Unión Europea,Agricultura,31.3,19.6,51.0
2014,Total Nacional,Extranjera: Unión Europea,Construcción,65.1,2.1,67.2
2014,Total Nacional,Extranjera: Unión Europea,Industria,56.7,23.6,80.3
2014,Total Nacional,Extranjera: Unión Europea,Servicios,232.7,304.8,537.5
2014,Total Nacional,Extranjera: Unión Europea,Total,385.9,350.1,736.0
2014,Total Nacional,Total,Agricultura,558.4,177.4,735.8
2014,Total Nacional,Total,Construcción,910.2,83.3,993.5
2014,Total Nacional,Total,Industria,1795.2,584.8,2379.9
2014,Total Nacional,Total,Servicios,6178.9,7056.0,13234.9
2014,Total Nacional,Total,Total,9442.7,7901.5,17344.2
2015,Total Nacional,Doble nacionalidad,Agricultura,11.9,2.6,14.5
2015,Total Nacional,Doble nacionalidad,Construcción,18.1,0.7,18.7
2015,Total Nacional,Doble nacionalidad,Industria,32.3,10.6,42.9
2015,Total Nacional,Doble nacionalidad,Servicios,138.1,214.8,352.8
2015,Total Nacional,Doble nacionalidad,Total,200.3,228.6,428.9
2015,Total Nacional,Española,Agricultura,429.6,135.6,565.2
2015,Total Nacional,Española,Construcción,833.3,77.0,910.4
2015,Total Nacional,Española,Industria,1702.0,568.6,2270.6
2015,Total Nacional,Española,Servicios,5598.5,6184.1,11782.6
2015,Total Nacional,Española,Total,8563.4,6965.3,15528.7
2015,Total Nacional,Extranjera: América Latina,Agricultura,20.7,4.6,25.3
2015,Total Nacional,Extranjera: América Latina,Construcción,33.4,1.8,35.2
2015,Total Nacional,Extranjera: América Latina,Industria,27.5,8.4,35.9
2015,Total Nacional,Extranjera: América Latina,Servicios,150.3,315.3,465.6
2015,Total Nacional,Extranjera: América Latina,Total,232.0,330.0,562.0
2015,Total Nacional,Extranjera: Resto de Europa,Agricultura,1.4,0.0,1.4
2015,Total Nacional,Extranjera: Resto de Europa,Construcción,11.3,0.0,11.3
2015,Total Nacional,Extranjera: Resto de Europa,Industria,7.9,3.8,11.7
2015,Total Nacional,Extranjera: Resto de Europa,Servicios,26.2,69.2,95.4
2015,Total Nacional,Extranjera: Resto de Europa,Total,46.9,73.1,119.9
2015,Total Nacional,Extranjera: Resto del mundo y apátrida,Agricultura,61.8,10.1,71.8
2015,Total Nacional,Extranjera: Resto del mundo y apátrida,Construcción,28.7,0.0,28.7
2015,Total Nacional,Extranjera: Resto del mundo y apátrida,Industria,39.1,6.7,45.8
2015,Total Nacional,Extranjera: Resto del mundo y apátrida,Servicios,203.2,135.3,338.5
2015,Total Nacional,Extranjera: Resto del mundo y apátrida,Total,332.8,152.0,484.8
2015,Total Nacional,Extranjera: Total,Agricultura,124.3,32.8,157.1
2015,Total Nacional,Extranjera: Total,Construcción,140.3,4.3,144.6
2015,Total Nacional,Extranjera: Total,Industria,125.6,43.3,168.9
2015,Total Nacional,Extranjera: Total,Servicios,606.4,831.5,1437.9
2015,Total Nacional,Extranjera: Total,Total,996.6,911.9,1908.5
2015,Total Nacional,Extranjera: Unión Europea,Agricultura,40.4,18.2,58.6
2015,Total Nacional,Extranjera: Unión Europea,Construcción,66.9,2.6,69.4
2015,Total Nacional,Extranjera: Unión Europea,Industria,51.1,24.3,75.4
2015,Total Nacional,Extranjera: Unión Europea,Servicios,226.7,311.7,538.4
2015,Total Nacional,Extranjera: Unión Europea,Total,385.0,356.8,741.8
2015,Total Nacional,Total,Agricultura,565.8,171.0,736.8
2015,Total Nacional,Total,Construcción,991.7,82.0,1073.7
2015,Total Nacional,Total,Industria,1860.0,622.4,2482.3
2015,Total Nacional,Total,Servicios,6342.9,7230.4,13573.3
2015,Total Nacional,Total,Total,9760.3,8105.7,17866.0
2016,Total Nacional,Doble nacionalidad,Agricultura,13.0,2.9,16.0
2016,Total Nacional,Doble nacionalidad,Construcción,28.2,2.1,30.3
2016,Total Nacional,Doble nacionalidad,Industria,30.4,13.2,43.6
2016,Total Nacional,Doble nacionalidad,Servicios,155.5,265.5,421.0
2016,Total Nacional,Doble nacionalidad,Total,227.1,283.7,510.9
2016,Total Nacional,Española,Agricultura,447.5,142.5,590.0
2016,Total Nacional,Española,Construcción,801.7,78.4,880.1
2016,Total Nacional,Española,Industria,1738.2,570.0,2308.2
2016,Total Nacional,Española,Servicios,5727.6,6344.2,12071.8
2016,Total Nacional,Española,Total,8715.1,7135.0,15850.1
2016,Total Nacional,Extranjera: América Latina,Agricultura,17.8,7.8,25.6
2016,Total Nacional,Extranjera: América Latina,Construcción,41.0,1.5,42.5
2016,Total Nacional,Extranjera: América Latina,Industria,31.7,8.1,39.8
2016,Total Nacional,Extranjera: América Latina,Servicios,163.3,322.5,485.8
2016,Total Nacional,Extranjera: América Latina,Total,253.7,340.0,593.7
2016,Total Nacional,Extranjera: Resto de Europa,Agricultura,1.1,0.2,1.3
2016,Total Nacional,Extranjera: Resto de Europa,Construcción,13.0,0.6,13.6
2016,Total Nacional,Extranjera: Resto de Europa,Industria,6.6,1.9,8.4
2016,Total Nacional,Extranjera: Resto de Europa,Servicios,20.7,53.6,74.4
2016,Total Nacional,Extranjera: Resto de Europa,Total,41.4,56.3,97.7
2016,Total Nacional,Extranjera: Resto del mundo y apátrida,Agricultura,75.3,9.4,84.7
2016,Total Nacional,Extranjera: Resto del mundo y apátrida,Construcción,34.7,0.0,34.7
2016,Total Nacional,Extranjera: Resto del mundo y apátrida,Industria,39.9,8.3,48.2
2016,Total Nacional,Extranjera: Resto del mundo y apátrida,Servicios,206.5,135.3,341.8
2016,Total Nacional,Extranjera: Resto del mundo y apátrida,Total,356.3,153.0,509.3
2016,Total Nacional,Extranjera: Total,Agricultura,135.3,33.3,168.6
2016,Total Nacional,Extranjera: Total,Construcción,159.2,4.2,163.4
2016,Total Nacional,Extranjera: Total,Industria,133.5,36.9,170.4
2016,Total Nacional,Extranjera: Total,Servicios,630.5,847.7,1478.2
2016,Total Nacional,Extranjera: Total,Total,1058.5,922.1,1980.6
2016,Total Nacional,Extranjera: Unión Europea,Agricultura,41.1,15.8,57.0
2016,Total Nacional,Extranjera: Unión Europea,Construcción,70.5,2.1,72.6
2016,Total Nacional,Extranjera: Unión Europea,Industria,55.3,18.6,74.0
2016,Total Nacional,Extranjera: Unión Europea,Servicios,240.1,336.2,576.3
2016,Total Nacional,Extranjera: Unión Europea,Total,407.0,372.8,779.8
2016,Total Nacional,Total,Agricultura,595.9,178.7,774.5
2016,Total Nacional,Total,Construcción,989.2,84.7,1073.8
2016,Total Nacional,Total,Industria,1902.1,620.1,2522.2
2016,Total Nacional,Total,Servicios,6513.6,7457.3,13970.9
2016,Total Nacional,Total,Total,10000.8,8340.8,18341.5
2017,Total Nacional,Doble nacionalidad,Agricultura,9.4,4.0,13.3
2017,Total Nacional,Doble nacionalidad,Construcción,30.5,2.6,33.1
2017,Total Nacional,Doble nacionalidad,Industria,35.9,14.8,50.7
2017,Total Nacional,Doble nacionalidad,Servicios,149.0,280.8,429.7
2017,Total Nacional,Doble nacionalidad,Total,224.8,302.2,526.9
2017,Total Nacional,Española,Agricultura,473.6,153.7,627.4
2017,Total Nacional,Española,Construcción,836.5,93.2,929.7
2017,Total Nacional,Española,Industria,1797.3,600.6,2397.9
2017,Total Nacional,Española,Servicios,5826.2,6437.5,12263.7
2017,Total Nacional,Española,Total,8933.7,7285.0,16218.7
2017,Total Nacional,Extranjera: América Latina,Agricultura,22.3,7.9,30.2
2017,Total Nacional,Extranjera: América Latina,Construcción,46.4,0.6,47.0
2017,Total Nacional,Extranjera: América Latina,Industria,32.1,8.6,40.6
2017,Total Nacional,Extranjera: América Latina,Servicios,175.6,345.5,521.2
2017,Total Nacional,Extranjera: América Latina,Total,276.4,362.6,639.0
2017,Total Nacional,Extranjera: Resto de Europa,Agricultura,0.9,0.9,1.7
2017,Total Nacional,Extranjera: Resto de Europa,Construcción,11.3,0.0,11.3
2017,Total Nacional,Extranjera: Resto de Europa,Industria,9.8,3.8,13.6
2017,Total Nacional,Extranjera: Resto de Europa,Servicios,24.1,58.3,82.5
2017,Total Nacional,Extranjera: Resto de Europa,Total,46.1,63.0,109.2
2017,Total Nacional,Extranjera: Resto del mundo y apátrida,Agricultura,77.8,10.2,88.0
2017,Total Nacional,Extranjera: Resto del mundo y apátrida,Construcción,30.2,0.1,30.2
2017,Total Nacional,Extranjera: Resto del mundo y apátrida,Industria,44.0,9.1,53.1
2017,Total Nacional,Extranjera: Resto del mundo y apátrida,Servicios,199.7,142.1,341.8
2017,Total Nacional,Extranjera: Resto del mundo y apátrida,Total,351.7,161.4,513.1
2017,Total Nacional,Extranjera: Total,Agricultura,141.7,37.2,178.8
2017,Total Nacional,Extranjera: Total,Construcción,162.2,3.3,165.5
2017,Total Nacional,Extranjera: Total,Industria,153.6,45.1,198.7
2017,Total Nacional,Extranjera: Total,Servicios,650.4,885.7,1536.1
2017,Total Nacional,Extranjera: Total,Total,1107.8,971.3,2079.1
2017,Total Nacional,Extranjera: Unión Europea,Agricultura,40.7,18.2,58.9
2017,Total Nacional,Extranjera: Unión Europea,Construcción,74.3,2.6,76.9
2017,Total Nacional,Extranjera: Unión Europea,Industria,67.7,23.7,91.3
2017,Total Nacional,Extranjera: Unión Europea,Servicios,251.0,339.7,590.7
2017,Total Nacional,Extranjera: Unión Europea,Total,433.6,384.3,817.9
2017,Total Nacional,Total,Agricultura,624.7,194.8,819.5
2017,Total Nacional,Total,Construcción,1029.2,99.1,1128.3
2017,Total Nacional,Total,Industria,1986.8,660.6,2647.4
2017,Total Nacional,Total,Servicios,6625.6,7604.0,14229.6
2017,Total Nacional,Total,Total,10266.3,8558.5,18824.8
2018,Total Nacional,Doble nacionalidad,Agricultura,9.8,3.6,13.4
2018,Total Nacional,Doble nacionalidad,Construcción,32.9,1.5,34.4
2018,Total Nacional,Doble nacionalidad,Industria,40.1,13.1,53.2
2018,Total Nacional,Doble nacionalidad,Servicios,178.0,319.6,497.6
2018,Total Nacional,Doble nacionalidad,Total,260.8,337.8,598.6
2018,Total Nacional,Española,Agricultura,475.2,151.5,626.7
2018,Total Nacional,Española,Construcción,895.6,99.2,994.8
2018,Total Nacional,Española,Industria,1823.7,636.0,2459.7
2018,Total Nacional,Española,Servicios,5897.1,6547.3,12444.4
2018,Total Nacional,Española,Total,9091.7,7434.0,16525.7
2018,Total Nacional,Extranjera: América Latina,Agricultura,23.7,6.4,30.1
2018,Total Nacional,Extranjera: América Latina,Construcción,52.1,1.6,53.7
2018,Total Nacional,Extranjera: América Latina,Industria,28.1,11.0,39.0
2018,Total Nacional,Extranjera: América Latina,Servicios,191.7,355.9,547.6
2018,Total Nacional,Extranjera: América Latina,Total,295.6,374.9,670.5
2018,Total Nacional,Extranjera: Resto de Europa,Agricultura,2.0,1.2,3.1
2018,Total Nacional,Extranjera: Resto de Europa,Construcción,13.7,0.2,13.9
2018,Total Nacional,Extranjera: Resto de Europa,Industria,8.4,1.9,10.3
2018,Total Nacional,Extranjera: Resto de Europa,Servicios,28.3,71.9,100.2
2018,Total Nacional,Extranjera: Resto de Europa,Total,52.3,75.3,127.5
2018,Total Nacional,Extranjera: Resto del mundo y apátrida,Agricultura,74.8,10.1,84.8
2018,Total Nacional,Extranjera: Resto del mundo y apátrida,Construcción,32.3,0.8,33.1
2018,Total Nacional,Extranjera: Resto del mundo y apátrida,Industria,40.8,10.8,51.7
2018,Total Nacional,Extranjera: Resto del mundo y apátrida,Servicios,223.3,154.5,377.9
2018,Total Nacional,Extranjera: Resto del mundo y apátrida,Total,371.2,176.3,547.5
2018,Total Nacional,Extranjera: Total,Agricultura,136.4,36.0,172.4
2018,Total Nacional,Extranjera: Total,Construcción,186.9,5.6,192.5
2018,Total Nacional,Extranjera: Total,Industria,146.2,49.2,195.4
2018,Total Nacional,Extranjera: Total,Servicios,710.0,933.1,1643.1
2018,Total Nacional,Extranjera: Total,Total,1179.5,1024.0,2203.5
2018,Total Nacional,Extranjera: Unión Europea,Agricultura,36.0,18.4,54.3
2018,Total Nacional,Extranjera: Unión Europea,Construcción,88.9,2.9,91.8
2018,Total Nacional,Extranjera: Unión Europea,Industria,68.9,25.5,94.4
2018,Total Nacional,Extranjera: Unión Europea,Servicios,266.6,350.7,617.4
2018,Total Nacional,Extranjera: Unión Europea,Total,460.4,397.5,857.9
2018,Total Nacional,Total,Agricultura,621.4,191.2,812.6
2018,Total Nacional,Total,Construcción,1115.5,106.3,1221.8
2018,Total Nacional,Total,Industria,2010.0,698.3,2708.3
2018,Total Nacional,Total,Servicios,6785.1,7800.0,14585.1
2018,Total Nacional,Total,Total,10532.0,8795.7,19327.7
2019,Total Nacional,Doble nacionalidad,Agricultura,11.5,2.6,14.1
2019,Total Nacional,Doble nacionalidad,Construcción,38.9,1.5,40.5
2019,Total Nacional,Doble nacionalidad,Industria,45.6,18.0,63.6
2019,Total Nacional,Doble nacionalidad,Servicios,214.0,341.7,555.7
2019,Total Nacional,Doble nacionalidad,Total,310.1,363.8,673.9
2019,Total Nacional,Española,Agricultura,461.6,146.6,608.2
2019,Total Nacional,Española,Construcción,917.9,106.6,1024.6
2019,Total Nacional,Española,Industria,1800.0,658.4,2458.4
2019,Total Nacional,Española,Servicios,5953.9,6660.4,12614.3
2019,Total Nacional,Española,Total,9133.3,7572.1,16705.4
2019,Total Nacional,Extranjera: América Latina,Agricultura,20.8,5.7,26.5
2019,Total Nacional,Extranjera: América Latina,Construcción,63.6,1.5,65.1
2019,Total Nacional,Extranjera: América Latina,Industria,38.1,11.4,49.5
2019,Total Nacional,Extranjera: América Latina,Servicios,209.5,369.2,578.7
2019,Total Nacional,Extranjera: América Latina,Total,332.1,387.7,719.8
2019,Total Nacional,Extranjera: Resto de Europa,Agricultura,3.7,2.2,5.9
2019,Total Nacional,Extranjera: Resto de Europa,Construcción,18.3,0.8,19.1
2019,Total Nacional,Extranjera: Resto de Europa,Industria,6.6,3.8,10.4
2019,Total Nacional,Extranjera: Resto de Europa,Servicios,37.1,78.4,115.6
2019,Total Nacional,Extranjera: Resto de Europa,Total,65.8,85.3,151.0
2019,Total Nacional,Extranjera: Resto del mundo y apátrida,Agricultura,75.9,7.7,83.6
2019,Total Nacional,Extranjera: Resto del mundo y apátrida,Construcción,43.4,0.5,44.0
2019,Total Nacional,Extranjera: Resto del mundo y apátrida,Industria,49.6,12.6,62.2
2019,Total Nacional,Extranjera: Resto del mundo y apátrida,Servicios,233.3,161.8,395.2
2019,Total Nacional,Extranjera: Resto del mundo y apátrida,Total,402.3,182.6,584.9
2019,Total Nacional,Extranjera: Total,Agricultura,139.3,35.7,175.0
2019,Total Nacional,Extranjera: Total,Construcción,206.9,6.0,212.9
2019,Total Nacional,Extranjera: Total,Industria,176.7,64.4,241.2
2019,Total Nacional,Extranjera: Total,Servicios,779.4,991.6,1771.0
2019,Total Nacional,Extranjera: Total,Total,1302.2,1097.8,2400.1
2019,Total Nacional,Extranjera: Unión Europea,Agricultura,38.8,20.2,59.0
2019,Total Nacional,Extranjera: Unión Europea,Construcción,81.5,3.2,84.7
2019,Total Nacional,Extranjera: Unión Europea,Industria,82.4,36.7,119.0
2019,Total Nacional,Extranjera: Unión Europea,Servicios,299.4,382.2,681.6
2019,Total Nacional,Extranjera: Unión Europea,Total,502.1,442.3,944.3
2019,Total Nacional,Total,Agricultura,612.3,185.0,797.3
2019,Total Nacional,Total,Construcción,1163.7,114.1,1277.9
2019,Total Nacional,Total,Industria,2022.3,740.8,2763.1
2019,Total Nacional,Total,Servicios,6947.2,7993.8,14941.0
2019,Total Nacional,Total,Total,10745.6,9033.7,19779.3
2020,Total Nacional,Doble nacionalidad,Agricultura,11.2,3.8,15.0
2020,Total Nacional,Doble nacionalidad,Construcción,52.9,2.1,55.0
2020,Total Nacional,Doble nacionalidad,Industria,44.9,21.1,66.0
2020,Total Nacional,Doble nacionalidad,Servicios,217.4,342.9,560.3
2020,Total Nacional,Doble nacionalidad,Total,326.3,370.0,696.3
2020,Total Nacional,Española,Agricultura,449.8,139.3,589.1
2020,Total Nacional,Española,Construcción,891.5,94.3,985.8
2020,Total Nacional,Española,Industria,1731.7,649.9,2381.6
2020,Total Nacional,Española,Servicios,5774.1,6454.4,12228.5
2020,Total Nacional,Española,Total,8847.1,7337.9,16185.0
2020,Total Nacional,Extranjera: América Latina,Agricultura,24.5,4.6,29.1
2020,Total Nacional,Extranjera: América Latina,Construcción,61.8,2.0,63.9
2020,Total Nacional,Extranjera: América Latina,Industria,45.1,16.4,61.6
2020,Total Nacional,Extranjera: América Latina,Servicios,213.9,381.1,595.0
2020,Total Nacional,Extranjera: América Latina,Total,345.4,404.2,749.5
2020,Total Nacional,Extranjera: Resto de Europa,Agricultura,1.7,1.9,3.6
2020,Total Nacional,Extranjera: Resto de Europa,Construcción,17.8,0.4,18.1
2020,Total Nacional,Extranjera: Resto de Europa,Industria,12.4,4.2,16.6
2020,Total Nacional,Extranjera: Resto de Europa,Servicios,61.3,101.6,163.0
2020,Total Nacional,Extranjera: Resto de Europa,Total,93.3,108.1,201.4
2020,Total Nacional,Extranjera: Resto del mundo y apátrida,Agricultura,76.4,9.6,86.1
2020,Total Nacional,Extranjera: Resto del mundo y apátrida,Construcción,39.3,0.3,39.6
2020,Total Nacional,Extranjera: Resto del mundo y apátrida,Industria,55.1,12.0,67.1
2020,Total Nacional,Extranjera: Resto del mundo y apátrida,Servicios,214.6,149.6,364.2
2020,Total Nacional,Extranjera: Resto del mundo y apátrida,Total,385.4,171.6,557.0
2020,Total Nacional,Extranjera: Total,Agricultura,132.9,28.3,161.3
2020,Total Nacional,Extranjera: Total,Construcción,197.9,5.4,203.3
2020,Total Nacional,Extranjera: Total,Industria,181.6,69.0,250.6
2020,Total Nacional,Extranjera: Total,Servicios,743.8,962.1,1705.9
2020,Total Nacional,Extranjera: Total,Total,1256.3,1064.8,2321.1
2020,Total Nacional,Extranjera: Unión Europea,Agricultura,30.3,12.2,42.5
2020,Total Nacional,Extranjera: Unión Europea,Construcción,79.0,2.7,81.7
2020,Total Nacional,Extranjera: Unión Europea,Industria,68.9,36.3,105.3
2020,Total Nacional,Extranjera: Unión Europea,Servicios,254.0,329.7,583.7
2020,Total Nacional,Extranjera: Unión Europea,Total,432.2,381.0,813.2
2020,Total Nacional,Total,Agricultura,593.9,171.4,765.3
2020,Total Nacional,Total,Construcción,1142.2,101.9,1244.1
2020,Total Nacional,Total,Industria,1958.2,740.0,2698.2
2020,Total Nacional,Total,Servicios,6735.4,7759.4,14494.8
2020,Total Nacional,Total,Total,10429.7,8772.7,19202.4
2021,Total Nacional,Doble nacionalidad,Agricultura,16.6,8.1,24.7
2021,Total Nacional,Doble nacionalidad,Construcción,57.8,6.1,63.9
2021,Total Nacional,Doble nacionalidad,Industria,50.4,20.3,70.7
2021,Total Nacional,Doble nacionalidad,Servicios,243.2,383.1,626.3
2021,Total Nacional,Doble nacionalidad,Total,368.1,417.6,785.7
2021,Total Nacional,Española,Agricultura,453.8,147.5,601.4
2021,Total Nacional,Española,Construcción,895.3,104.4,999.6
2021,Total Nacional,Española,Industria,1781.3,618.5,2399.8
2021,Total Nacional,Española,Servicios,5921.3,6704.0,12625.3
2021,Total Nacional,Española,Total,9051.7,7574.4,16626.2
2021,Total Nacional,Extranjera: América Latina,Agricultura,28.3,8.4,36.7
2021,Total Nacional,Extranjera: América Latina,Construcción,89.2,2.5,91.7
2021,Total Nacional,Extranjera: América Latina,Industria,50.9,22.7,73.7
2021,Total Nacional,Extranjera: América Latina,Servicios,242.4,458.2,700.6
2021,Total Nacional,Extranjera: América Latina,Total,410.8,491.8,902.7
2021,Total Nacional,Extranjera: Resto de Europa,Agricultura,0.9,0.7,1.6
2021,Total Nacional,Extranjera: Resto de Europa,Construcción,18.6,1.9,20.5
2021,Total Nacional,Extranjera: Resto de Europa,Industria,12.9,4.3,17.2
2021,Total Nacional,Extranjera: Resto de Europa,Servicios,58.4,83.5,141.9
2021,Total Nacional,Extranjera: Resto de Europa,Total,90.8,90.4,181.1
2021,Total Nacional,Extranjera: Resto del mundo y apátrida,Agricultura,99.0,13.3,112.3
2021,Total Nacional,Extranjera: Resto del mundo y apátrida,Construcción,52.7,2.4,55.1
2021,Total Nacional,Extranjera: Resto del mundo y apátrida,Industria,44.1,11.5,55.6
2021,Total Nacional,Extranjera: Resto del mundo y apátrida,Servicios,208.4,160.5,368.9
2021,Total Nacional,Extranjera: Resto del mundo y apátrida,Total,404.1,187.8,591.9
2021,Total Nacional,Extranjera: Total,Agricultura,152.8,39.2,192.0
2021,Total Nacional,Extranjera: Total,Construcción,238.6,13.0,251.6
2021,Total Nacional,Extranjera: Total,Industria,171.0,69.1,240.0
2021,Total Nacional,Extranjera: Total,Servicios,751.0,987.0,1738.0
2021,Total Nacional,Extranjera: Total,Total,1313.3,1108.3,2421.6
2021,Total Nacional,Extranjera: Unión Europea,Agricultura,24.6,16.8,41.4
2021,Total Nacional,Extranjera: Unión Europea,Construcción,78.2,6.2,84.4
2021,Total Nacional,Extranjera: Unión Europea,Industria,63.1,30.4,93.5
2021,Total Nacional,Extranjera: Unión Europea,Servicios,241.8,284.8,526.6
2021,Total Nacional,Extranjera: Unión Europea,Total,407.6,338.3,745.9
2021,Total Nacional,Total,Agricultura,623.2,194.8,818.0
2021,Total Nacional,Total,Construcción,1191.7,123.5,1315.2
2021,Total Nacional,Total,Industria,2002.7,707.8,2710.6
2021,Total Nacional,Total,Servicios,6915.5,8074.1,14989.7
2021,Total Nacional,Total,Total,10733.2,9100.3,19833.5
2022,Total Nacional,Doble nacionalidad,Agricultura,11.4,5.2,16.6
2022,Total Nacional,Doble nacionalidad,Construcción,54.4,5.4,59.9
2022,Total Nacional,Doble nacionalidad,Industria,59.9,23.9,83.7
2022,Total Nacional,Doble nacionalidad,Servicios,291.2,430.5,721.6
2022,Total Nacional,Doble nacionalidad,Total,416.9,465.0,881.9
2022,Total Nacional,Española,Agricultura,441.8,143.2,585.1
2022,Total Nacional,Española,Construcción,900.9,105.9,1006.8
2022,Total Nacional,Española,Industria,1775.5,660.7,2436.2
2022,Total Nacional,Española,Servicios,6090.0,6837.7,12927.7
2022,Total Nacional,Española,Total,9208.3,7747.4,16955.7
2022,Total Nacional,Extranjera: América Latina,Agricultura,25.0,8.4,33.4
2022,Total Nacional,Extranjera: América Latina,Construcción,97.7,3.8,101.5
2022,Total Nacional,Extranjera: América Latina,Industria,53.3,23.1,76.3
2022,Total Nacional,Extranjera: América Latina,Servicios,304.6,508.7,813.3
2022,Total Nacional,Extranjera: América Latina,Total,480.6,544.0,1024.6
2022,Total Nacional,Extranjera: Resto de Europa,Agricultura,2.5,0.5,3.0
2022,Total Nacional,Extranjera: Resto de Europa,Construcción,19.9,1.9,21.8
2022,Total Nacional,Extranjera: Resto de Europa,Industria,9.0,2.7,11.7
2022,Total Nacional,Extranjera: Resto de Europa,Servicios,60.0,91.9,151.8
2022,Total Nacional,Extranjera: Resto de Europa,Total,91.4,96.9,188.3
2022,Total Nacional,Extranjera: Resto del mundo y apátrida,Agricultura,104.4,10.8,115.2
2022,Total Nacional,Extranjera: Resto del mundo y apátrida,Construcción,62.1,0.7,62.8
2022,Total Nacional,Extranjera: Resto del mundo y apátrida,Industria,60.7,19.9,80.5
2022,Total Nacional,Extranjera: Resto del mundo y apátrida,Servicios,241.9,183.1,425.0
2022,Total Nacional,Extranjera: Resto del mundo y apátrida,Total,469.1,214.5,683.5
2022,Total Nacional,Extranjera: Total,Agricultura,160.6,36.2,196.8
2022,Total Nacional,Extranjera: Total,Construcción,275.1,13.2,288.3
2022,Total Nacional,Extranjera: Total,Industria,182.5,76.7,259.2
2022,Total Nacional,Extranjera: Total,Servicios,871.2,1094.4,1965.6
2022,Total Nacional,Extranjera: Total,Total,1489.4,1220.5,2709.9
2022,Total Nacional,Extranjera: Unión Europea,Agricultura,28.7,16.5,45.1
2022,Total Nacional,Extranjera: Unión Europea,Construcción,95.4,6.8,102.2
2022,Total Nacional,Extranjera: Unión Europea,Industria,59.5,31.1,90.6
2022,Total Nacional,Extranjera: Unión Europea,Servicios,264.8,310.7,575.5
2022,Total Nacional,Extranjera: Unión Europea,Total,448.4,365.1,813.4
2022,Total Nacional,Total,Agricultura,613.8,184.6,798.5
2022,Total Nacional,Total,Construcción,1230.5,124.5,1355.0
2022,Total Nacional,Total,Industria,2017.9,761.2,2779.1
2022,Total Nacional,Total,Servicios,7252.4,8362.6,15614.9
2022,Total Nacional,Total,Total,11114.6,9432.9,20547.5
2023,Total Nacional,Doble nacionalidad,Agricultura,13.2,6.7,19.9
2023,Total Nacional,Doble nacionalidad,Construcción,68.5,6.5,75.0
2023,Total Nacional,Doble nacionalidad,Industria,63.3,27.5,90.7
2023,Total Nacional,Doble nacionalidad,Servicios,294.6,490.8,785.5
2023,Total Nacional,Doble nacionalidad,Total,439.6,531.5,971.1
2023,Total Nacional,Española,Agricultura,424.4,145.5,570.0
2023,Total Nacional,Española,Construcción,888.9,100.7,989.6
2023,Total Nacional,Española,Industria,1773.2,658.1,2431.3
2023,Total Nacional,Española,Servicios,6244.0,6951.3,13195.3
2023,Total Nacional,Española,Total,9330.6,7855.6,17186.2
2023,Total Nacional,Extranjera: América Latina,Agricultura,20.8,9.7,30.5
2023,Total Nacional,Extranjera: América Latina,Construcción,133.4,5.2,138.5
2023,Total Nacional,Extranjera: América Latina,Industria,59.9,31.6,91.5
2023,Total Nacional,Extranjera: América Latina,Servicios,334.1,602.3,936.4
2023,Total Nacional,Extranjera: América Latina,Total,548.1,648.8,1196.9
2023,Total Nacional,Extranjera: Resto de Europa,Agricultura,4.2,1.1,5.3
2023,Total Nacional,Extranjera: Resto de Europa,Construcción,29.9,2.2,32.1
2023,Total Nacional,Extranjera: Resto de Europa,Industria,12.2,3.5,15.7
2023,Total Nacional,Extranjera: Resto de Europa,Servicios,68.0,113.7,181.7
2023,Total Nacional,Extranjera: Resto de Europa,Total,114.2,120.5,234.8
2023,Total Nacional,Extranjera: Resto del mundo y apátrida,Agricultura,86.9,11.6,98.4
2023,Total Nacional,Extranjera: Resto del mundo y apátrida,Construcción,74.7,1.2,75.9
2023,Total Nacional,Extranjera: Resto del mundo y apátrida,Industria,62.6,17.7,80.3
2023,Total Nacional,Extranjera: Resto del mundo y apátrida,Servicios,270.8,214.3,485.1
2023,Total Nacional,Extranjera: Resto del mundo y apátrida,Total,495.0,244.8,739.8
2023,Total Nacional,Extranjera: Total,Agricultura,140.3,37.2,177.5
2023,Total Nacional,Extranjera: Total,Construcción,319.1,14.3,333.4
2023,Total Nacional,Extranjera: Total,Industria,199.6,92.9,292.5
2023,Total Nacional,Extranjera: Total,Servicios,947.5,1274.2,2221.6
2023,Total Nacional,Extranjera: Total,Total,1606.4,1418.5,3024.9
2023,Total Nacional,Extranjera: Unión Europea,Agricultura,28.5,14.7,43.3
2023,Total Nacional,Extranjera: Unión Europea,Construcción,81.1,5.7,86.8
2023,Total Nacional,Extranjera: Unión Europea,Industria,64.9,40.0,104.9
2023,Total Nacional,Extranjera: Unión Europea,Servicios,274.5,343.9,618.4
2023,Total Nacional,Extranjera: Unión Europea,Total,449.1,404.3,853.4
2023,Total Nacional,Total,Agricultura,577.9,189.4,767.3
2023,Total Nacional,Total,Construcción,1276.6,121.4,1398.0
2023,Total Nacional,Total,Industria,2036.0,778.5,2814.5
2023,Total Nacional,Total,Servicios,7486.1,8716.3,16202.4
2023,Total Nacional,Total,Total,11376.7,9805.5,21182.2
2024,Total Nacional,Doble nacionalidad,Agricultura,14.6,10.0,24.7
2024,Total Nacional,Doble nacionalidad,Construcción,83.8,4.3,88.1
2024,Total Nacional,Doble nacionalidad,Industria,72.6,37.1,109.6
2024,Total Nacional,Doble nacionalidad,Servicios,351.1,562.4,913.5
2024,Total Nacional,Doble nacionalidad,Total,522.1,613.7,1135.8
2024,Total Nacional,Española,Agricultura,395.2,149.3,544.5
2024,Total Nacional,Española,Construcción,912.4,112.1,1024.5
2024,Total Nacional,Española,Industria,1766.3,666.3,2432.6
2024,Total Nacional,Española,Servicios,6255.9,7026.7,13282.5
2024,Total Nacional,Española,Total,9329.8,7954.3,17284.1
2024,Total Nacional,Extranjera: América Latina,Agricultura,19.0,10.1,29.1
2024,Total Nacional,Extranjera: América Latina,Construcción,158.6,6.0,164.5
2024,Total Nacional,Extranjera: América Latina,Industria,79.0,35.4,114.4
2024,Total Nacional,Extranjera: América Latina,Servicios,380.8,640.9,1021.7
2024,Total Nacional,Extranjera: América Latina,Total,637.5,692.4,1329.8
2024,Total Nacional,Extranjera: Resto de Europa,Agricultura,4.3,2.4,6.7
2024,Total Nacional,Extranjera: Resto de Europa,Construcción,25.8,2.7,28.5
2024,Total Nacional,Extranjera: Resto de Europa,Industria,14.1,9.2,23.3
2024,Total Nacional,Extranjera: Resto de Europa,Servicios,69.5,111.9,181.4
2024,Total Nacional,Extranjera: Resto de Europa,Total,113.6,126.2,239.8
2024,Total Nacional,Extranjera: Resto del mundo y apátrida,Agricultura,89.5,10.1,99.6
2024,Total Nacional,Extranjera: Resto del mundo y apátrida,Construcción,69.9,0.5,70.4
2024,Total Nacional,Extranjera: Resto del mundo y apátrida,Industria,65.4,15.1,80.5
2024,Total Nacional,Extranjera: Resto del mundo y apátrida,Servicios,285.1,199.8,484.9
2024,Total Nacional,Extranjera: Resto del mundo y apátrida,Total,509.9,225.5,735.4
2024,Total Nacional,Extranjera: Total,Agricultura,139.2,43.7,183.0
2024,Total Nacional,Extranjera: Total,Construcción,336.9,14.4,351.3
2024,Total Nacional,Extranjera: Total,Industria,239.5,105.1,344.6
2024,Total Nacional,Extranjera: Total,Servicios,1034.0,1321.2,2355.1
2024,Total Nacional,Extranjera: Total,Total,1749.6,1484.4,3234.0
2024,Total Nacional,Extranjera: Unión Europea,Agricultura,26.4,21.1,47.6
2024,Total Nacional,Extranjera: Unión Europea,Construcción,82.7,5.2,87.9
2024,Total Nacional,Extranjera: Unión Europea,Industria,81.0,45.4,126.5
2024,Total Nacional,Extranjera: Unión Europea,Servicios,298.5,368.6,667.1
2024,Total Nacional,Extranjera: Unión Europea,Total,488.6,440.4,929.0
2024,Total Nacional,Total,Agricultura,549.1,203.0,752.1
2024,Total Nacional,Total,Construcción,1333.0,130.8,1463.8
2024,Total Nacional,Total,Industria,2078.4,808.4,2886.8
2024,Total Nacional,Total,Servicios,7640.9,8910.2,16551.1
2024,Total Nacional,Total,Total,11601.4,10052.5,21653.9
2025,Total Nacional,Doble nacionalidad,Agricultura,13.9,7.7,21.6
2025,Total Nacional,Doble nacionalidad,Construcción,87.6,8.5,96.1
2025,Total Nacional,Doble nacionalidad,Industria,71.2,40.6,111.8
2025,Total Nacional,Doble nacionalidad,Servicios,400.9,609.1,1010.0
2025,Total Nacional,Doble nacionalidad,Total,573.5,665.8,1239.4
2025,Total Nacional,Española,Agricultura,389.4,144.8,534.2
2025,Total Nacional,Española,Construcción,920.9,126.5,1047.4
2025,Total Nacional,Española,Industria,1813.0,705.6,2518.6
2025,Total Nacional,Española,Servicios,6268.6,7124.1,13392.8
2025,Total Nacional,Española,Total,9392.1,8101.0,17493.0
2025,Total Nacional,Extranjera: América Latina,Agricultura,30.1,9.0,39.1
2025,Total Nacional,Extranjera: América Latina,Construcción,172.2,9.8,182.0
2025,Total Nacional,Extranjera: América Latina,Industria,103.0,40.5,143.5
2025,Total Nacional,Extranjera: América Latina,Servicios,393.2,694.1,1087.3
2025,Total Nacional,Extranjera: América Latina,Total,698.5,753.4,1451.9
2025,Total Nacional,Extranjera: Resto de Europa,Agricultura,3.2,2.0,5.2
2025,Total Nacional,Extranjera: Resto de Europa,Construcción,26.5,0.7,27.3
2025,Total Nacional,Extranjera: Resto de Europa,Industria,13.8,6.1,19.9
2025,Total Nacional,Extranjera: Resto de Europa,Servicios,84.3,117.3,201.6
2025,Total Nacional,Extranjera: Resto de Europa,Total,127.8,126.2,254.1
2025,Total Nacional,Extranjera: Resto del mundo y apátrida,Agricultura,100.4,16.2,116.7
2025,Total Nacional,Extranjera: Resto del mundo y apátrida,Construcción,84.6,1.2,85.8
2025,Total Nacional,Extranjera: Resto del mundo y apátrida,Industria,70.5,14.8,85.3
2025,Total Nacional,Extranjera: Resto del mundo y apátrida,Servicios,308.6,216.9,525.5
2025,Total Nacional,Extranjera: Resto del mundo y apátrida,Total,564.1,249.2,813.3
2025,Total Nacional,Extranjera: Total,Agricultura,159.1,48.7,207.9
2025,Total Nacional,Extranjera: Total,Construcción,370.6,15.9,386.5
2025,Total Nacional,Extranjera: Total,Industria,267.4,107.7,375.2
2025,Total Nacional,Extranjera: Total,Servicios,1107.8,1411.4,2519.2
2025,Total Nacional,Extranjera: Total,Total,1904.9,1583.8,3488.7
2025,Total Nacional,Extranjera: Unión Europea,Agricultura,25.4,21.4,46.9
2025,Total Nacional,Extranjera: Unión Europea,Construcción,87.3,4.1,91.4
2025,Total Nacional,Extranjera: Unión Europea,Industria,80.1,46.3,126.4
2025,Total Nacional,Extranjera: Unión Europea,Servicios,321.7,383.1,704.8
2025,Total Nacional,Extranjera: Unión Europea,Total,514.5,455.0,969.5
2025,Total Nacional,Total,Agricultura,562.5,201.2,763.7
2025,Total Nacional,Total,Construcción,1379.2,150.8,1530.0
2025,Total Nacional,Total,Industria,2151.6,853.9,3005.5
2025,Total Nacional,Total,Servicios,7777.3,9144.6,16921.9
2025,Total Nacional,Total,Total,11870.5,10350.6,22221.1
